scientific_name,family,order,type,max_speed,wingspan,wingarea,mass,speed
Accipiter badius,Accipitridae,Accipitriformes,other,17.7380325540294,0.5784,0.05126,0.129275,18
Accipiter brevipes,Accipitridae,Accipitriformes,other,17.676005656854,0.7,0.0739,0.19699,18
Accipiter cooperii,Accipitridae,Accipitriformes,other,20.0143903171048,0.832,0.12,0.478835,21
Accipiter gentilis,Accipitridae,Accipitriformes,other,20.554676310943,1.05425,0.182203392857143,0.888627142857143,21
Accipiter melanoleucus,Accipitridae,Accipitriformes,other,20.2222363140909,1.017,0.15426,0.722495,21
Accipiter minullus,Accipitridae,Accipitriformes,other,18.5134764545497,0.3854,0.035005,0.077715,19
Accipiter nisus,Accipitridae,Accipitriformes,other,18.4088531115305,0.684478571428572,0.0786625714285714,0.228305714285714,19
Accipiter ovampensis,Accipitridae,Accipitriformes,other,18.0331546124236,0.6674,0.06549,0.185,19
Accipiter rufiventris,Accipitridae,Accipitriformes,other,17.2272528589833,0.7203,0.07484,0.189,18
Accipiter striatus,Accipitridae,Accipitriformes,other,17.0102052913029,0.601,0.0658,0.137795,18
Accipiter tachiro,Accipitridae,Accipitriformes,other,19.1545551578234,0.6984,0.10168,0.30835,20
Acrocephalus arundinaceus,Acrocephalidae,Passeriformes,passerine,15.7091689795986,0.271575,0.0137135,0.030625,16
Acrocephalus palustris,Acrocephalidae,Passeriformes,passerine,14.5320186896418,0.19615,0.0073055,0.011825,15
Acrocephalus schoenobaenus,Acrocephalidae,Passeriformes,passerine,14.4711748219838,0.191275,0.0075365,0.0115275,15
Acrocephalus scirpaceus,Acrocephalidae,Passeriformes,passerine,14.5872646617408,0.19219,0.007611,0.01205,15
Actitis hypoleucos,Scolopacidae,Charadriiformes,other,20.9632788915586,0.34,0.0105,0.0545,21
Aechmophorus occidentalis,Podicipedidae,Podicipediformes,other,27.2097909132354,0.794,0.0758,1.308475,28
Aegithalos caudatus,Aegithalidae,Passeriformes,passerine,14.0088219641784,0.168875,0.0065678125,0.00834125,15
Aegypius monachus,Accipitridae,Accipitriformes,other,13.9037253747615,3.04,1.4,9.610275,14
Aethia cristatella,Alcidae,Charadriiformes,seabird,24.9064126236206,0.48,0.0283,0.26818,25
Aethia psittacula,Alcidae,Charadriiformes,seabird,24.3171049724057,0.502,0.0334,0.27599,25
Aethia pusilla,Alcidae,Charadriiformes,seabird,23.2282958938419,0.325,0.0144,0.093995,24
Agelaius phoeniceus,Icteridae,Passeriformes,passerine,16.9741013229138,0.3,0.0172,0.05169,17
Alauda arvensis,Alaudidae,Passeriformes,passerine,14.4046981574315,0.349128571428571,0.0216157142857143,0.0364478571428571,15
Alca torda,Alcidae,Charadriiformes,seabird,26.6860741032372,0.661,0.0462,0.694495,27
Alcedo atthis,Alcedinidae,Coraciiformes,other,19.6061584850509,0.259517857,0.011832857,0.033445,20
Alectoris rufa,Phasianidae,Galliformes,other,26.2163873994607,0.51,0.04,0.45393,27
Alle alle,Alcidae,Charadriiformes,seabird,25.0400124935992,0.387,0.0167,0.168365,26
Amazona amazonica,Psittacidae,Psittaciformes,other,19.8130993272452,0.73,0.0895,0.335,20
Anas acuta,Anatidae,Anseriformes,other,24.3303562411784,0.91,0.0892,0.93931,25
Anas crecca,Anatidae,Anseriformes,other,23.3972001583955,0.5746,0.0446785,0.319695,24
Anas georgica,Anatidae,Anseriformes,other,23.9471138833304,0.682,0.0646,0.53041,24
Anas platyrhynchos,Anatidae,Anseriformes,other,24.4196156267089,0.861668367285714,0.100402959142857,0.972434489785714,25
Anhinga anhinga,Anhingidae,Suliformes,other,21.9694212194936,1.16,0.174,1.2375,22
Anous stolidus,Laridae,Charadriiformes,seabird,15.8945624805749,0.833,0.07765,0.179135,16
Anser albifrons,Anatidae,Anseriformes,other,23.6624442178477,1.395,0.21125,2.486195,24
Anser anser,Anatidae,Anseriformes,other,22.8155048065805,1.575,0.32045,3.395205,23
Anser fabalis,Anatidae,Anseriformes,other,22.5540545513355,1.62,0.2675,2.894865,23
Anser indicus,Anatidae,Anseriformes,other,21.6224381575435,1.52,0.278,2.236275,22
Anthus campestris,Motacillidae,Passeriformes,passerine,13.9514804144233,0.2878333335,0.0165716665,0.023,14
Anthus cervinus,Motacillidae,Passeriformes,passerine,14.2281114782512,0.273,0.0129,0.02045,15
Anthus pratensis,Motacillidae,Passeriformes,passerine,14.115517927385,0.26422,0.012576,0.01889,15
Anthus spinoletta,Motacillidae,Passeriformes,passerine,14.545055655581,0.2745,0.0151825,0.0243625,15
Anthus trivialis,Motacillidae,Passeriformes,passerine,14.7148008749313,0.26816666675,0.01318083325,0.023015,15
Antrostomus carolinensis,Caprimulgidae,Caprimulgiformes,other,15.7454041679007,0.655,0.0565,0.1095,16
Aphrodroma brevirostris,Procellariidae,Procellariiformes,seabird,20.0195620904983,0.8715,0.06375,0.34575,21
Aptenodytes forsteri,Spheniscidae,Sphenisciformes,seabird,43.2317154042944,1.36,0.094,29.234665,44
Aptenodytes patagonicus,Spheniscidae,Sphenisciformes,seabird,32.6057214133679,1.28,0.082,11.865535,33
Apus affinis,Apodidae,Caprimulgiformes,other,16.1572034781976,0.33,0.01,0.020285,17
Apus apus,Apodidae,Caprimulgiformes,other,17.0622261356077,0.4,0.0162,0.0389666666666667,18
Apus pallidus,Apodidae,Caprimulgiformes,other,16.4897266295617,0.42,0.02065,0.04145,17
Aquila chrysaetos,Accipitridae,Accipitriformes,other,19.8589003046914,1.9736,0.617675,4.264685,20
Aquila fasciata,Accipitridae,Accipitriformes,other,18.9758571114129,1.74,0.3792,1.992745,19
Aquila nipalensis,Accipitridae,Accipitriformes,other,18.8769903347527,2.05333333333333,0.462463333333333,2.819665,19
Aquila rapax,Accipitridae,Accipitriformes,other,18.9530175298431,1.8016,0.421305,2.24278,19
Aquila spilogaster,Accipitridae,Accipitriformes,other,19.9223283572909,1.4167,0.27518,1.473035,20
Aquila verreauxii,Accipitridae,Accipitriformes,other,19.9712124758595,1.9942,0.51386,3.75535,20
Aramus guarauna,Aramidae,Gruiformes,other,20.2831206363235,1.02,0.181,0.8475,21
Ardea alba,Ardeidae,Pelecaniformes,other,16.1520003403952,1.5532,0.326256,0.914565,17
Ardea cinerea,Ardeidae,Pelecaniformes,other,17.6381663714246,1.6292,0.368214,1.401,18
Ardea herodias,Ardeidae,Pelecaniformes,other,19.0479288838298,1.825,0.4555,2.451705,20
Ardea purpurea,Ardeidae,Pelecaniformes,other,18.6990536674947,1.35666666666667,0.2488,1.05224,19
Ardenna bulleri,Procellariidae,Procellariiformes,seabird,18.3615140060263,0.997,0.1036,0.401995,19
Ardenna grisea,Procellariidae,Procellariiformes,seabird,22.8892024618689,1.014,0.0837666666666667,0.7965,23
Ardenna pacifica,Procellariidae,Procellariiformes,seabird,18.1492178387815,1.02,0.1017,0.394,19
Ardenna tenuirostris,Procellariidae,Procellariiformes,seabird,21.5568777075347,0.933333333333333,0.0752,0.537166666666667,22
Ardeola ralloides,Ardeidae,Pelecaniformes,other,17.1293744789999,0.86,0.1114,0.287,18
Ardeotis kori,Otididae,Otidiformes,other,17.4828149957813,2.47,1.06,9.94708,18
Arenaria interpres,Scolopacidae,Charadriiformes,other,21.1110752047692,0.47,0.0261,0.12799,22
Asio capensis,Strigidae,Strigiformes,other,17.3796649532783,0.9154,0.1243,0.34365,18
Asio flammeus,Strigidae,Strigiformes,other,16.1032686191046,0.9981875,0.1419475,0.32693,17
Asio otus,Strigidae,Strigiformes,other,16.4357330044371,0.9119041666,0.1244078194,0.289435,17
Athene cunicularia,Strigidae,Strigiformes,other,18.3191454279996,0.6,0.0555,0.156805,19
Athene noctua,Strigidae,Strigiformes,other,19.2151397238873,0.5405,0.0570933335,0.16646,20
Aviceda cuculoides,Accipitridae,Accipitriformes,other,15.4269796648346,0.9065,0.12953,0.2485,16
Aythya ferina,Anatidae,Anseriformes,other,26.2834830995689,0.724875,0.06227,0.845745,27
Aythya fuligula,Anatidae,Anseriformes,other,25.5132074972324,0.756,0.061942,0.752485,26
Aythya marila,Anatidae,Anseriformes,other,26.2472574422233,0.82,0.0621,0.968185,27
Bombycilla garrulus,Bombycillidae,Passeriformes,passerine,16.7752829363832,0.324625,0.0181975,0.05443,17
Botaurus stellaris,Ardeidae,Pelecaniformes,other,20.9713472701332,1.214,0.232355,1.319975,21
Brachyramphus marmoratus,Alcidae,Charadriiformes,seabird,24.8302543969612,0.443,0.024,0.223,25
Branta bernicla,Anatidae,Anseriformes,other,23.9470475766351,1.055,0.12795,1.299205,24
Branta canadensis,Anatidae,Anseriformes,other,21.8015741925605,1.69,0.3719,3.55334,22
Branta leucopsis,Anatidae,Anseriformes,other,23.4513561752845,1.21,0.164,1.618235,24
Bubo africanus,Strigidae,Strigiformes,other,18.212266135175,1.1329,0.20573,0.6933,19
Bubo bubo,Strigidae,Strigiformes,other,22.1919911069582,1.2945,0.371695,2.677255,23
Bubo capensis,Strigidae,Strigiformes,other,19.658197526918,1.2493,0.23579,1.09142,20
Bubo virginianus,Strigidae,Strigiformes,other,20.4349163251833,1.27,0.256,1.35225,21
Bubulcus ibis,Ardeidae,Pelecaniformes,other,17.9949110331487,0.891,0.114,0.351975,18
Bucephala clangula,Anatidae,Anseriformes,other,27.2019944720604,0.695,0.0539,0.89128,28
Bulweria bulwerii,Procellariidae,Procellariiformes,seabird,15.7132637633264,0.65,0.045,0.094495,16
Butastur indicus,Accipitridae,Accipitriformes,other,20.4323457354813,0.8,0.0907,0.4123,21
Buteo augur,Accipitridae,Accipitriformes,other,18.927097199116,1.3155,0.24175,1.03619,19
Buteo brachyurus,Accipitridae,Accipitriformes,other,17.9236917591768,1.03,0.123,0.433005,18
Buteo buteo,Accipitridae,Accipitriformes,other,17.9470958544016,1.23139372285714,0.240597207857143,0.802721428571429,18
Buteo jamaicensis,Accipitridae,Accipitriformes,other,19.8702086068882,1.21,0.232,1.08058,20
Buteo japonicus,Accipitridae,Accipitriformes,other,18.3441194154126,1.220588235,0.232941176,0.838961765,19
Buteo lagopus,Accipitridae,Accipitriformes,other,18.1806038201323,1.296875,0.26853125,0.949364375,19
Buteo lineatus,Accipitridae,Accipitriformes,other,18.6601527051702,1.01,0.172,0.58636,19
Buteo platypterus,Accipitridae,Accipitriformes,other,19.461162302573,0.897,0.114,0.455575,20
Buteo rufofuscus,Accipitridae,Accipitriformes,other,19.5633857840684,1.319,0.27596,1.2947,20
Buteo swainsoni,Accipitridae,Accipitriformes,other,18.929295391265,1.29,0.227,0.972055,19
Butorides striata,Ardeidae,Pelecaniformes,other,18.2201844741682,0.68,0.0724,0.20675,19
Calcarius lapponicus,Calcariidae,Passeriformes,passerine,14.6339979793955,0.286,0.0139,0.02492,15
Calidris alba,Scolopacidae,Charadriiformes,other,19.3021942972636,0.35,0.016,0.050855,20
Calidris alpina,Scolopacidae,Charadriiformes,other,18.9807574744496,0.361666666666667,0.0158666666666667,0.0495283333333333,19
Calidris canutus,Scolopacidae,Charadriiformes,other,20.1121432573129,0.525333333333333,0.0316666666666667,0.134268333333333,21
Calidris pugnax,Scolopacidae,Charadriiformes,other,19.6406733302289,0.523333333333333,0.0379333333333333,0.136506666666667,20
Calonectris borealis,Procellariidae,Procellariiformes,seabird,18.9536267744101,1.21,0.1114,0.589995,19
Calonectris diomedea,Procellariidae,Procellariiformes,seabird,20.0413643263624,1.21,0.1114,0.740495,21
Calonectris leucomelas,Procellariidae,Procellariiformes,seabird,18.6772178897638,1.11855,0.126125,0.547495,19
Caprimulgus europaeus,Caprimulgidae,Caprimulgiformes,other,15.7452665428725,0.519,0.038545,0.067,16
Caprimulgus ruficollis,Caprimulgidae,Caprimulgiformes,other,13.1413706561772,0.67,0.0567,0.06875,14
Carduelis carduelis,Fringillidae,Passeriformes,passerine,14.5659654738239,0.2329,0.0097314166,0.0164,15
Carpodacus erythrinus,Fringillidae,Passeriformes,passerine,15.4638294022649,0.243875,0.01172425,0.023985,16
Catharacta maccormicki,Stercorariidae,Charadriiformes,seabird,20.4406225175894,1.34,0.207,1.257785,21
Catharacta skua,Stercorariidae,Charadriiformes,seabird,20.4146509573201,1.39666666666667,0.224666666666667,1.38577666666667,21
Cathartes aura,Cathartidae,Cathartiformes,other,16.762876699389,1.785,0.464,1.56787,17
Catharus fuscescens,Turdidae,Passeriformes,passerine,15.4391429159686,0.299,0.0149,0.03295,16
Catharus ustulatus,Turdidae,Passeriformes,passerine,15.2826672005147,0.297,0.0142,0.03065,16
Cecropis daurica,Hirundinidae,Passeriformes,passerine,13.386526634297,0.323388889,0.0160622223333333,0.0221666666666667,14
Centrocercus urophasianus,Phasianidae,Galliformes,other,25.698215988086,0.948,0.142,1.78123,26
Cepphus carbo,Alcidae,Charadriiformes,seabird,24.967678124535,0.698285714,0.059078286,0.629,25
Cepphus columba,Alcidae,Charadriiformes,seabird,26.0086354396861,0.578,0.0422,0.5,27
Cepphus grylle,Alcidae,Charadriiformes,seabird,26.1683362555551,0.525,0.0336,0.4115,27
Cerorhinca monocerata,Alcidae,Charadriiformes,seabird,25.7648310272288,0.615,0.044,0.52237,26
Certhia familiaris,Certhiidae,Passeriformes,passerine,13.4795078231442,0.186333333333333,0.008205,0.00888833333333333,14
Charadrius dubius,Charadriidae,Charadriiformes,other,18.7973296027388,0.35,0.0119,0.03935,19
Charadrius hiaticula,Charadriidae,Charadriiformes,other,19.0518647123608,0.402666666666667,0.0179,0.0603533333333333,20
Charadrius vociferus,Charadriidae,Charadriiformes,other,18.3904286884561,0.501,0.0336,0.09672,19
Chionis albus,Chionidae,Charadriiformes,other,22.2930075347124,0.823,0.105,0.642845,23
Chlidonias leucopterus,Laridae,Charadriiformes,seabird,12.9051150116751,0.61,0.0545,0.0576,13
Chlidonias niger,Laridae,Charadriiformes,seabird,13.7725040979097,0.6,0.0521,0.06515,14
Chloris chloris,Fringillidae,Passeriformes,passerine,15.4168436686303,0.26474,0.012908,0.02698,16
Chordeiles minor,Caprimulgidae,Caprimulgiformes,other,15.8545303693497,0.567,0.0371,0.0742,16
Ciconia abdimii,Ciconiidae,Ciconiiformes,other,17.9295166327899,1.49,0.317,1.214,18
Ciconia ciconia,Ciconiidae,Ciconiiformes,other,19.8087318910697,1.931,0.5243725,3.4494,20
Ciconia nigra,Ciconiidae,Ciconiiformes,other,20.6598221425057,1.70775,0.4317975,2.9445,21
Cinclus cinclus,Cinclidae,Passeriformes,passerine,18.6664355107355,0.2632,0.0135573335,0.061585,19
Cinnyris osea,Nectariniidae,Passeriformes,passerine,14.1474761260824,0.1504,0.004856,0.006675,15
Circaetus cinerascens,Accipitridae,Accipitriformes,other,19.9294093720589,1.135,0.26782,1.126,20
Circaetus cinereus,Accipitridae,Accipitriformes,other,19.2574322992061,1.6407,0.40544,2.049,20
Circaetus gallicus,Accipitridae,Accipitriformes,other,17.5257120397667,1.77833333333333,0.430463333333333,1.69939333333333,18
Circaetus pectoralis,Accipitridae,Accipitriformes,other,17.3476963916469,1.7761,0.36864,1.47885,18
Circus aeruginosus,Accipitridae,Accipitriformes,other,17.485542076745,1.21666666666667,0.210933333333333,0.669868333333333,18
Circus cyaneus,Accipitridae,Accipitriformes,other,15.7878973344251,1.113375,0.18055375,0.404615,16
Circus macrourus,Accipitridae,Accipitriformes,other,16.3171803679043,1.075,0.1518,0.38668,17
Circus pygargus,Accipitridae,Accipitriformes,other,15.3686396938868,1.0675,0.13714,0.304125,16
Clanga pomarina,Accipitridae,Accipitriformes,other,17.3277633737156,1.559,0.4632725,1.471205,18
Clangula hyemalis,Anatidae,Anseriformes,other,26.2758753839971,0.7125,0.0617,0.828625,27
Coccothraustes coccothraustes,Fringillidae,Passeriformes,passerine,17.0540594923015,0.30865,0.0175078333333333,0.0546816666666667,18
Coccyzus americanus,Cuculidae,Cuculiformes,other,18.305132928438,0.402,0.0256,0.064,19
Colaptes auratus,Picidae,Piciformes,other,19.2666794246897,0.497,0.0465,0.13673,20
Colinus virginianus,Odontophoridae,Galliformes,other,24.2771430111388,0.36,0.0259,0.173445,25
Columba livia,Columbidae,Columbiformes,other,22.0626444181496,0.63082,0.0630437666,0.3399666667,23
Columba oenas,Columbidae,Columbiformes,other,20.6606528505672,0.75,0.0532,0.292895,21
Columba palumbus,Columbidae,Columbiformes,other,22.0112620723563,0.75,0.0873,0.4925,23
Coracias garrulus,Coraciidae,Coraciiformes,other,17.1925960421529,0.6305,0.06322875,0.146,18
Corvus corax,Corvidae,Passeriformes,passerine,17.0941057030088,1.175,0.2472,0.987485,18
Corvus corone,Corvidae,Passeriformes,passerine,16.6941531279908,0.9925,0.1936625,0.6190625,17
Corvus frugilegus,Corvidae,Passeriformes,passerine,16.9601351057941,0.8879,0.129837,0.46845,17
Corvus monedula,Corvidae,Passeriformes,passerine,17.3301644623669,0.62592,0.0655348,0.23625,18
Corvus ruficollis,Corvidae,Passeriformes,passerine,16.1941588047211,1.1,0.1944,0.64675,17
Coscoroba coscoroba,Anatidae,Anseriformes,other,22.5155148829234,1.76,0.384,4.44739,23
Coturnix coturnix,Phasianidae,Galliformes,other,21.7246240383809,0.37,0.02,0.09614,22
Coturnix japonica,Phasianidae,Galliformes,other,22.441112912536,0.38,0.0234,0.12689,23
Creagrus furcatus,Laridae,Charadriiformes,seabird,17.2559220531515,1.368,0.1878,0.688495,18
Crex crex,Rallidae,Gruiformes,other,21.2559055425408,0.45245,0.0379155,0.155205,22
Cuculus canorus,Cuculidae,Cuculiformes,other,16.5676738952603,0.5915,0.0555833333333333,0.11218,17
Curruca communis,Sylviidae,Passeriformes,passerine,14.575396751379,0.21508,0.0095529334,0.01504,15
Curruca curruca,Sylviidae,Passeriformes,passerine,14.3477147266568,0.1961,0.0075692,0.01142,15
Curruca hortensis,Sylviidae,Passeriformes,passerine,15.1882459063909,0.24,0.0112,0.02145,16
Curruca nisoria,Sylviidae,Passeriformes,passerine,14.9371227621795,0.24975,0.0129075,0.0225,15
Cursorius cursor,Glareolidae,Charadriiformes,other,18.7724291740223,0.54,0.0407,0.1265,19
Cyanistes caeruleus,Paridae,Passeriformes,passerine,13.9482226657197,0.192833333333333,0.00863,0.0107833333333333,14
Cygnus columbianus,Anatidae,Anseriformes,other,21.7221937063476,1.9725,0.471075,6.033605,22
Cygnus cygnus,Anatidae,Anseriformes,other,18.9770208535359,2.29,0.614833333333333,9.56482833333333,19
Cygnus olor,Anatidae,Anseriformes,other,19.2556080436444,2.3,0.650266666666667,10.0838533333333,20
Daption capense,Procellariidae,Procellariiformes,seabird,20.6725083451473,0.879333333333333,0.0729333333333333,0.42131,21
Delichon urbicum,Hirundinidae,Passeriformes,passerine,13.2769907511493,0.27970833325,0.01086458325,0.015,14
Dendrocopos major,Picidae,Piciformes,other,17.9860132259979,0.41265,0.0359575,0.075855,18
Dinemellia dinemelli,Ploceidae,Passeriformes,passerine,14.3734715840512,0.434,0.0397,0.063945,15
Diomedea epomophora,Diomedeidae,Procellariiformes,seabird,17.4359522409172,2.82,0.4963,8.801305,18
Diomedea exulans,Diomedeidae,Procellariiformes,seabird,17.890548938014,2.99375,0.563175,7.553895,18
Dryocopus martius,Picidae,Piciformes,other,19.4021095680561,0.69225,0.1033275,0.321,20
Dumetella carolinensis,Mimidae,Passeriformes,passerine,15.747104627979,0.287,0.0162,0.035875,16
Egretta caerulea,Ardeidae,Pelecaniformes,other,17.03847376343,0.98,0.134,0.366805,18
Egretta garzetta,Ardeidae,Pelecaniformes,other,18.7759139535859,0.92,0.10805,0.41625,19
Egretta tricolor,Ardeidae,Pelecaniformes,other,18.2303952732987,0.89,0.118,0.37365,19
Elanus caeruleus,Elanidae,Accipitriformes,other,17.2625443741411,0.8444,0.08906,0.25163,18
Emberiza calandra,Emberizidae,Passeriformes,passerine,17.0551861186994,0.27975,0.01662,0.048625,18
Emberiza cia,Emberizidae,Passeriformes,passerine,14.9705868581206,0.2455,0.0140633335,0.02344,15
Emberiza citrinella,Emberizidae,Passeriformes,passerine,15.4477743976807,0.2685333334,0.014389,0.02918,16
Emberiza hortulana,Emberizidae,Passeriformes,passerine,14.4435069120102,0.250666666666667,0.01338,0.02025,15
Emberiza pusilla,Emberizidae,Passeriformes,passerine,14.4509794623121,0.212,0.00946,0.014285,15
Emberiza schoeniclus,Emberizidae,Passeriformes,passerine,14.4749199903854,0.235,0.0123758333333333,0.0183666666666667,15
Erithacus rubecula,Muscicapidae,Passeriformes,passerine,15.0174832800731,0.219172222333333,0.0100062036666667,0.017775,16
Eudocimus albus,Threskiornithidae,Pelecaniformes,other,21.9455679523645,0.959,0.149,0.89483,22
Eudyptes chrysolophus,Spheniscidae,Sphenisciformes,seabird,28.4330944896448,0.76,0.0344,3.84254,29
Eudyptula minor,Spheniscidae,Sphenisciformes,seabird,29.0129357648367,0.48,0.014,1.10391,30
Falco biarmicus,Falconidae,Falconiformes,other,19.4633755713368,1.04836666666667,0.131436666666667,0.592478333333333,20
Falco cherrug,Falconidae,Falconiformes,other,21.9369896436982,1.0245,0.149965,0.963605,22
Falco chicquera,Falconidae,Falconiformes,other,19.0015946476021,0.6866,0.05916,0.2121,20
Falco columbarius,Falconidae,Falconiformes,other,19.3904731657867,0.589,0.0493,0.17325,20
Falco concolor,Falconidae,Falconiformes,other,16.8435936312192,0.8049,0.088565,0.21875,17
Falco dickinsoni,Falconidae,Falconiformes,other,19.2037361094243,0.6691,0.0523,0.199,20
Falco eleonorae,Falconidae,Falconiformes,other,17.8180894170938,0.966666666666667,0.1194,0.381,18
Falco jugger,Falconidae,Falconiformes,other,19.5966110525882,1.08,0.157,0.7035,20
Falco mexicanus,Falconidae,Falconiformes,other,21.01606936648,1.02,0.137,0.774535,22
Falco naumanni,Falconidae,Falconiformes,other,17.0975833567995,0.667925,0.059765,0.14828,18
Falco peregrinus,Falconidae,Falconiformes,other,21.2100040832427,1.00483333333333,0.122181111111111,0.735308333333333,22
Falco rupicoloides,Falconidae,Falconiformes,other,17.6569512358384,0.836,0.08449,0.25815,18
Falco rusticolus,Falconidae,Falconiformes,other,21.2680044997629,1.25,0.197,1.30086,22
Falco sparverius,Falconidae,Falconiformes,other,17.9957310981376,0.559,0.0417,0.115305,18
Falco subbuteo,Falconidae,Falconiformes,other,18.1022932272215,0.7316,0.067918,0.211385,19
Falco tinnunculus,Falconidae,Falconiformes,other,17.4135668099908,0.718158874571429,0.0740262987142857,0.193355,18
Falco vespertinus,Falconidae,Falconiformes,other,16.5958581640211,0.69963333325,0.06396666675,0.1485575,17
Ficedula albicollis,Muscicapidae,Passeriformes,passerine,13.5291222055098,0.2305,0.010385,0.012695,14
Ficedula hypoleuca,Muscicapidae,Passeriformes,passerine,14.0509307631451,0.226111111333333,0.00952777766666667,0.013695,15
Fratercula arctica,Alcidae,Charadriiformes,seabird,26.4777529174351,0.549,0.0368666666666667,0.493671666666667,27
Fratercula cirrhata,Alcidae,Charadriiformes,seabird,27.0056400228975,0.662,0.0512,0.786685,28
Fratercula corniculata,Alcidae,Charadriiformes,seabird,26.5657602882351,0.607,0.0434,0.59957,27
Fregata magnificens,Fregatidae,Suliformes,seabird,16.2004078939826,2.12,0.359,1.48026,17
Fregata minor,Fregatidae,Suliformes,seabird,15.8465862933698,1.98,0.354,1.252335,16
Fregetta grallaria,Oceanitidae,Procellariiformes,seabird,15.7893880988838,0.447,0.0283,0.04779,16
Fregetta tropica,Oceanitidae,Procellariiformes,seabird,17.0920708039522,0.435,0.0257,0.05575,18
Fringilla coelebs,Fringillidae,Passeriformes,passerine,14.8500831522441,0.2616,0.0134537142857143,0.0235364285714286,15
Fringilla montifringilla,Fringillidae,Passeriformes,passerine,14.8183958737118,0.266,0.0129731428,0.023255,15
Fulica americana,Rallidae,Gruiformes,other,26.0184951692738,0.62,0.0564,0.63937,27
Fulica atra,Rallidae,Gruiformes,other,24.9543870892841,0.729,0.0788083333333333,0.761226666666667,25
Fulmarus glacialis,Procellariidae,Procellariiformes,seabird,20.4596094251279,1.10375,0.113275,0.69197,21
Fulmarus glacialoides,Procellariidae,Procellariiformes,seabird,21.3016407919787,1.116,0.11445,0.81246,22
Galerida cristata,Alaudidae,Passeriformes,passerine,15.2995468741445,0.332666666666667,0.0215233333333333,0.0431166666666667,16
Gallinago gallinago,Scolopacidae,Charadriiformes,other,20.1764240755311,0.4780666666,0.0349906666,0.13187,21
Gallinago media,Scolopacidae,Charadriiformes,other,21.7036202559569,0.482,0.0337,0.16748,22
Gallinula chloropus,Rallidae,Gruiformes,other,23.8415714694675,0.525666666666667,0.047861111,0.327148333333333,24
Garrodia nereis,Oceanitidae,Procellariiformes,seabird,17.5278049836049,0.334,0.01565,0.034225,18
Garrulus glandarius,Corvidae,Passeriformes,passerine,16.4046516837783,0.5339949495,0.0629656733333334,0.16123,17
Gavia arctica,Gaviidae,Gaviiformes,other,25.7676790927974,1.20833333333333,0.14788,2.57588333333333,26
Gavia immer,Gaviidae,Gaviiformes,other,25.9400303254864,1.37,0.189,4.543655,26
Gavia stellata,Gaviidae,Gaviiformes,other,25.4562622049968,1.095,0.1085,1.69675,26
Geothlypis trichas,Parulidae,Passeriformes,passerine,14.3641300744133,0.178,0.00663,0.00977,15
Glareola nordmanni,Glareolidae,Charadriiformes,other,15.4648380783337,0.64,0.054,0.098595,16
Glareola pratincola,Glareolidae,Charadriiformes,other,14.8263561874455,0.63,0.0503,0.08245,15
Glaucidium capense,Strigidae,Strigiformes,other,20.6052430717565,0.4036,0.02948,0.10765,21
Glaucidium perlatum,Strigidae,Strigiformes,other,20.0729979789176,0.3862,0.02478,0.08382,21
Grus grus,Gruidae,Gruiformes,other,20.2645822978119,2.22,0.5855,5.503495,21
Gulosus aristotelis,Phalacrocoracidae,Suliformes,seabird,24.8559495997238,1.04,0.1575,1.77217,25
Gygis alba,Laridae,Charadriiformes,seabird,15.8863797004192,0.7125,0.0461,0.10975,16
Gypaetus barbatus,Accipitridae,Accipitriformes,other,18.4731158030603,2.5768,0.73709,5.54594,19
Gyps africanus,Accipitridae,Accipitriformes,other,19.4544496632514,2.22,0.716,5.466495,20
Gyps coprotheres,Accipitridae,Accipitriformes,other,17.5031397041461,2.5733,0.85413,8.732945,18
Gyps rueppelli,Accipitridae,Accipitriformes,other,18.4409879866925,2.5,0.892,7.349995,19
Haematopus ostralegus,Haematopodidae,Charadriiformes,other,21.5755086878558,0.833,0.0824,0.4985,22
Haliaeetus albicilla,Accipitridae,Accipitriformes,other,18.5159627172962,2.17777777766667,0.823522222333333,4.7771905555,19
Haliaeetus vocifer,Accipitridae,Accipitriformes,other,19.3954806889347,1.9,0.52284,3.120825,20
Halobaena caerulea,Procellariidae,Procellariiformes,seabird,19.3149004980018,0.68975,0.048025,0.19925,20
Hieraaetus ayresii,Accipitridae,Accipitriformes,other,18.7188652119935,1.23655,0.22779,0.89718,19
Hieraaetus pennatus,Accipitridae,Accipitriformes,other,18.9648955077338,1.1508,0.1957525,0.782,19
Hieraaetus wahlbergi,Accipitridae,Accipitriformes,other,17.2361097693949,1.4073,0.26557,0.924695,18
Himantopus himantopus,Recurvirostridae,Charadriiformes,other,17.0558782011155,0.75,0.06,0.16841,18
Hippolais icterina,Acrocephalidae,Passeriformes,passerine,14.0131731614914,0.221866666666667,0.00961933333333333,0.0133333333333333,15
Hippolais polyglotta,Acrocephalidae,Passeriformes,passerine,13.9647780804752,0.2,0.0083,0.011,14
Hirundo rustica,Hirundinidae,Passeriformes,passerine,12.8459202912292,0.3174761905,0.0142233333333333,0.0177516666666667,13
Horornis diphone,Scotocercidae,Passeriformes,passerine,15.3381512979308,0.175,0.00846,0.014655,16
Hydrobates leucorhous,Hydrobatidae,Procellariiformes,seabird,14.2974811620942,0.469666666666667,0.0288,0.0385216666666667,15
Hydrobates pelagicus,Hydrobatidae,Procellariiformes,seabird,15.8828477147661,0.3475,0.0157,0.02605,16
Hydrobates tethys,Hydrobatidae,Procellariiformes,seabird,13.8387061490275,0.394,0.0202,0.0233,14
Hydrocoloeus minutus,Laridae,Charadriiformes,seabird,15.0874554685765,0.65,0.08,0.119,16
Hydroprogne caspia,Laridae,Charadriiformes,seabird,18.7271987074657,1.28,0.1289,0.6585,19
Hylocichla mustelina,Turdidae,Passeriformes,passerine,16.2154679180603,0.327,0.018,0.048045,17
Hypsipetes amaurotis,Pycnonotidae,Passeriformes,passerine,16.6126902558306,0.332,0.02864,0.068945,17
Iduna pallida,Acrocephalidae,Passeriformes,passerine,13.760557381307,0.2,0.0083,0.0105,14
Ixobrychus minutus,Ardeidae,Pelecaniformes,other,18.3598755012996,0.4973,0.041733,0.108745,19
Junco hyemalis,Passerellidae,Passeriformes,passerine,14.7611528607949,0.25,0.011,0.01975,15
Jynx torquilla,Picidae,Piciformes,other,18.5718660052553,0.28432,0.0148012,0.03405,19
Kaupifalco monogrammicus,Accipitridae,Accipitriformes,other,19.1733369339618,0.785,0.07488,0.29102,20
Lagopus muta,Phasianidae,Galliformes,other,25.3667995960674,0.63,0.0546,0.56265,26
Lanius bucephalus,Laniidae,Passeriformes,passerine,16.8165617952437,0.269,0.014334,0.04111,17
Lanius collurio,Laniidae,Passeriformes,passerine,15.4214448974594,0.27153571425,0.014071,0.0289575,16
Lanius minor,Laniidae,Passeriformes,passerine,15.6258719013819,0.34,0.0206016665,0.046495,16
Larosterna inca,Laridae,Charadriiformes,seabird,16.7860097374482,0.87,0.0765,0.219,17
Larus argentatus,Laridae,Charadriiformes,seabird,18.8974208945068,1.3815,0.206325,1.002245,19
Larus atricilla,Laridae,Charadriiformes,seabird,16.4929881969248,1.05,0.108,0.316205,17
Larus cachinnans,Laridae,Charadriiformes,seabird,18.3595442115233,1.43,0.2496,1.055945,19
Larus californicus,Laridae,Charadriiformes,seabird,18.3115493641576,1.21,0.1478,0.621695,19
Larus canus,Laridae,Charadriiformes,seabird,16.7465868453291,1.0975,0.1281,0.387015,17
Larus crassirostris,Laridae,Charadriiformes,seabird,21.485332994904,0.945,0.078084,0.5495,22
Larus fuscus,Laridae,Charadriiformes,seabird,18.0592761891914,1.34,0.190725,0.782305,19
Larus glaucescens,Laridae,Charadriiformes,seabird,18.5905053389444,1.458,0.2458,1.11627,19
Larus glaucoides,Laridae,Charadriiformes,seabird,17.7795071313603,1.376,0.1993,0.795155,18
Larus heermanni,Laridae,Charadriiformes,seabird,17.762611122047,1.135,0.1308,0.484495,18
Larus marinus,Laridae,Charadriiformes,seabird,19.0720619686265,1.67333333333333,0.298366666666667,1.63968833333333,20
Larus michahellis,Laridae,Charadriiformes,seabird,19.4667397511442,1.327,0.236625,1.132945,20
Larus occidentalis,Laridae,Charadriiformes,seabird,18.2992166395837,1.436,0.2235,0.97989,19
Larus pipixcan,Laridae,Charadriiformes,seabird,16.208805481373,1.015,0.0945,0.2675,17
Larus ridibundus,Laridae,Charadriiformes,seabird,17.1886715944797,0.925138888833333,0.0953802778333333,0.286083333333333,18
Larus schistisagus,Laridae,Charadriiformes,seabird,19.971239341198,1.394,0.23968,1.329,20
Leptoptilos crumenifer,Ciconiidae,Ciconiiformes,other,17.8328331630292,2.63,0.935,6.573935,18
Leucocarbo atriceps,Phalacrocoracidae,Suliformes,seabird,24.6743859861684,1.13,0.183,2.115,25
Limnodromus griseus,Scolopacidae,Charadriiformes,other,20.0512988923013,0.48,0.0277,0.111765,21
Limosa lapponica,Scolopacidae,Charadriiformes,other,20.913853360142,0.726666666666667,0.053,0.294658333333333,21
Linaria cannabina,Fringillidae,Passeriformes,passerine,14.8821920085893,0.239375,0.01016375,0.0187775,15
Linaria flavirostris,Fringillidae,Passeriformes,passerine,14.5407820718736,0.23,0.00979,0.01615,15
Locustella luscinioides,Locustellidae,Passeriformes,passerine,15.1290057911736,0.194095238,0.0073796035,0.013895,16
Locustella naevia,Locustellidae,Passeriformes,passerine,15.0950702176179,0.19,0.007,0.01315,16
Loxia curvirostra,Fringillidae,Passeriformes,passerine,17.0725310651476,0.2625,0.012285,0.039445,18
Lullula arborea,Alaudidae,Passeriformes,passerine,14.5572150236538,0.29,0.0164,0.02695,15
Luscinia luscinia,Muscicapidae,Passeriformes,passerine,15.0984880265206,0.2565,0.012641667,0.0238,16
Luscinia megarhynchos,Muscicapidae,Passeriformes,passerine,14.6371872494276,0.2503174605,0.01167821425,0.01975,15
Luscinia svecica,Muscicapidae,Passeriformes,passerine,14.7098688093365,0.2195,0.010445,0.016715,15
Lyrurus tetrix,Phasianidae,Galliformes,other,25.4542408352309,0.859285714,0.103,1.2029014285,26
Macronectes giganteus,Procellariidae,Procellariiformes,seabird,22.0469623711888,1.98,0.326,4.390845,23
Macronectes halli,Procellariidae,Procellariiformes,seabird,22.4060262894538,1.97,0.3078,4.4644,23
Mareca penelope,Anatidae,Anseriformes,other,24.0860804815956,0.821333333333333,0.0824,0.759348333333333,25
Mareca strepera,Anatidae,Anseriformes,other,23.2990473945235,0.9,0.1,0.82779,24
Megaceryle alcyon,Alcedinidae,Coraciiformes,other,19.2904874355605,0.54,0.0457,0.148,20
Megascops asio,Strigidae,Strigiformes,other,20.5032122432089,0.523,0.0475,0.180495,21
Melanitta fusca,Anatidae,Anseriformes,other,26.6839651444422,0.97,0.101,1.771585,27
Melanitta nigra,Anatidae,Anseriformes,other,26.0329878091723,0.85,0.0679,1.01999,27
Melierax canorus,Accipitridae,Accipitriformes,other,19.0171853475009,1.1083,0.17236,0.69376,20
Melierax metabates,Accipitridae,Accipitriformes,other,19.821367332393,1.0119,0.14877,0.654965,20
Mergus merganser,Anatidae,Anseriformes,other,26.9106467374995,0.945,0.07235,1.46751,27
Mergus serrator,Anatidae,Anseriformes,other,25.5642987095925,0.865,0.07225,0.985585,26
Merops apiaster,Meropidae,Coraciiformes,other,16.8458070203135,0.450357143,0.0269214285,0.056825,17
Micronisus gabar,Accipitridae,Accipitriformes,other,18.1705749126187,0.62405,0.059705,0.166025,19
Milvus aegyptius,Accipitridae,Accipitriformes,other,17.218661538133,1.2947,0.21396,0.69505,18
Milvus migrans,Accipitridae,Accipitriformes,other,15.3970013613004,1.5291333334,0.3449933334,0.77232,16
Milvus milvus,Accipitridae,Accipitriformes,other,16.5650553944117,1.58,0.3144,1.001635,17
Mimus polyglottos,Mimidae,Passeriformes,passerine,14.9848268810562,0.356,0.0269,0.0485,15
Mniotilta varia,Parulidae,Passeriformes,passerine,13.6047211601482,0.213,0.0088,0.01095,14
Morus bassanus,Sulidae,Suliformes,seabird,21.7221581210576,1.85,0.262,2.95653666666667,22
Morus serrator,Sulidae,Suliformes,seabird,20.630358398875,1.85,0.262,2.35,21
Motacilla alba,Motacillidae,Passeriformes,passerine,14.7360249460465,0.26806875,0.012724125,0.02274,15
Motacilla cinerea,Motacillidae,Passeriformes,passerine,14.1616889960301,0.26340625,0.011433125,0.0181625,15
Motacilla flava,Motacillidae,Passeriformes,passerine,14.2610840224104,0.25375,0.011075,0.017615,15
Motacilla grandis,Motacillidae,Passeriformes,passerine,14.1714099984365,0.33,0.0153,0.02708,15
Muscicapa striata,Muscicapidae,Passeriformes,passerine,13.7199867659312,0.248571428333333,0.0122019046666667,0.01575,14
Mycteria americana,Ciconiidae,Ciconiiformes,other,19.4352290614485,1.78,0.439,2.497235,20
Nannopterum auritum,Phalacrocoracidae,Suliformes,seabird,23.6917054267852,1.19,0.182,1.828245,24
Necrosyrtes monachus,Accipitridae,Accipitriformes,other,18.6406180636698,1.71,0.436,2.0215,19
Neochen jubata,Anatidae,Anseriformes,other,21.6336101826736,1.25,0.228,1.565,22
Neophron percnopterus,Accipitridae,Accipitriformes,other,19.6192639967424,1.65,0.353666666666667,2.00533333333333,20
Nesofregetta fuliginosa,Oceanitidae,Procellariiformes,seabird,15.8281898932146,0.515,0.0409,0.07,16
Netta rufina,Anatidae,Anseriformes,other,25.5632043554333,0.8265,0.09678,1.118,26
Ninox japonica,Strigidae,Strigiformes,other,19.2282062599785,0.6514,0.062886,0.2159125,20
Nucifraga caryocatactes,Corvidae,Passeriformes,passerine,16.1284320600082,0.615,0.0687,0.182505,17
Numenius arquata,Scolopacidae,Charadriiformes,other,22.1915436207419,0.984375,0.112075,0.8054325,23
Numenius phaeopus,Scolopacidae,Charadriiformes,other,18.4454499708916,0.945,0.10475,0.371285,19
Nycticorax nycticorax,Ardeidae,Pelecaniformes,other,20.6146741645095,1.04666666666667,0.1475,0.774833333333334,21
Oceanites oceanicus,Oceanitidae,Procellariiformes,seabird,15.5544740252386,0.3945,0.02175,0.034205,16
Oenanthe oenanthe,Muscicapidae,Passeriformes,passerine,14.4578885776827,0.291666666666667,0.0149858333333333,0.0251166666666667,15
Oenanthe pleschanka,Muscicapidae,Passeriformes,passerine,13.8331692012068,0.26975,0.0144775,0.01938,14
Onychoprion anaethetus,Laridae,Charadriiformes,seabird,14.1390204256359,0.81,0.0618,0.10971,15
Onychoprion fuscatus,Laridae,Charadriiformes,seabird,16.1689215793838,0.869333333333333,0.0711666666666667,0.188193333333333,17
Oriolus oriolus,Oriolidae,Passeriformes,passerine,17.1297735851435,0.367,0.025305,0.079,18
Otis tarda,Otididae,Otidiformes,other,20.101288542139,2.0775,0.57805,6.56746,21
Otus scops,Strigidae,Strigiformes,other,17.2738280309149,0.49375,0.044955,0.092,18
Otus semitorques,Strigidae,Strigiformes,other,17.9915322913437,0.5644,0.062528,0.151365,18
Otus senegalensis,Strigidae,Strigiformes,other,17.2747086978828,0.4678,0.03368,0.07355,18
Pachyptila belcheri,Procellariidae,Procellariiformes,seabird,19.0499505220822,0.592,0.0411,0.1475,20
Pachyptila desolata,Procellariidae,Procellariiformes,seabird,18.4613753354542,0.633666666666667,0.0454,0.151666666666667,19
Pachyptila salvini,Procellariidae,Procellariiformes,seabird,19.0872230319434,0.63,0.0404,0.1575,20
Pachyptila turtur,Procellariidae,Procellariiformes,seabird,19.5222157952334,0.56,0.0336,0.1345,20
Pachyptila vittata,Procellariidae,Procellariiformes,seabird,19.5297996875569,0.621,0.0467,0.182,20
Pagodroma nivea,Procellariidae,Procellariiformes,seabird,19.135928272858,0.826,0.0711,0.2985,20
Pandion haliaetus,Pandionidae,Accipitriformes,other,18.5249201332922,1.662,0.33626,1.5994,19
Panurus biarmicus,Panuridae,Passeriformes,passerine,15.5193764612275,0.1757857145,0.0069392855,0.013835,16
Parabuteo unicinctus,Accipitridae,Accipitriformes,other,19.3964823346274,1.07,0.191,0.76514,20
Parkesia motacilla,Parulidae,Passeriformes,passerine,14.568152324702,0.265,0.0126,0.02145,15
Parus major,Paridae,Passeriformes,passerine,14.6242008040676,0.2222083335,0.01105625,0.017075,15
Passer domesticus,Passeridae,Passeriformes,passerine,16.2373517872485,0.2314,0.011088,0.027295,17
Passer hispaniolensis,Passeridae,Passeriformes,passerine,15.6138639200923,0.2405,0.011345,0.0242,16
Passer montanus,Passeridae,Passeriformes,passerine,15.8746707617315,0.206283333333333,0.0103391666666667,0.0214616666666667,16
Pastor roseus,Sturnidae,Passeriformes,passerine,17.0535009945583,0.3620714285,0.0231307145,0.07311,18
Patagioenas leucocephala,Columbidae,Columbiformes,other,21.0843538169678,0.593,0.0611,0.26507,22
Pavo cristatus,Phasianidae,Galliformes,other,23.4601805708872,1.28,0.348,3.627405,24
Pelagodroma marina,Oceanitidae,Procellariiformes,seabird,15.7272522188525,0.434,0.0266,0.0441,16
Pelecanoides georgicus,Procellariidae,Procellariiformes,seabird,22.7427228204209,0.3845,0.01985,0.1195,23
Pelecanoides urinatrix,Procellariidae,Procellariiformes,seabird,23.3556866276004,0.404333333333333,0.0205333333333333,0.14303,24
Pelecanus erythrorhynchos,Pelecanidae,Pelecaniformes,seabird,18.9298111189702,2.47,0.68,5.34924,19
Pelecanus occidentalis,Pelecanidae,Pelecaniformes,seabird,19.2637211232964,2.232,0.4795,3.59142,20
Pelecanus onocrotalus,Pelecanidae,Pelecaniformes,seabird,16.9061275524661,2.885,0.9447,8.612155,17
Pelecanus rufescens,Pelecanidae,Pelecaniformes,seabird,19.6538416364412,2.22,0.645,5.109815,20
Perdix perdix,Phasianidae,Galliformes,other,25.4527967837315,0.499375,0.0440895835,0.40018125,26
Periparus ater,Paridae,Passeriformes,passerine,13.9404392307659,0.181422619,0.00714601175,0.00915,14
Pernis apivorus,Accipitridae,Accipitriformes,other,17.4047457601194,1.26333333333333,0.2514,0.773518333333333,18
Pernis ptilorhynchus,Accipitridae,Accipitriformes,other,18.130299450586,1.38,0.3025,1.10244,19
Phaethon aethereus,Phaethontidae,Phaethontiformes,seabird,21.0334723512001,1.0425,0.10975,0.696995,22
Phaethon lepturus,Phaethontidae,Phaethontiformes,seabird,18.7680766116671,0.918,0.0847,0.34902,19
Phaethon rubricauda,Phaethontidae,Phaethontiformes,seabird,20.2692665126747,1.1215,0.1164,0.689685,21
Phalacrocorax capillatus,Phalacrocoracidae,Suliformes,seabird,24.7724654668445,1.184,0.22376,2.72589,25
Phalacrocorax carbo,Phalacrocoracidae,Suliformes,seabird,23.5744356860913,1.32733333333333,0.227779166666667,2.420485,24
Phalaropus fulicarius,Scolopacidae,Charadriiformes,other,17.3379322379268,0.422,0.0212,0.051045,18
Phalaropus lobatus,Scolopacidae,Charadriiformes,other,17.6050650960841,0.344,0.0162333333333333,0.03634,18
Phasianus colchicus,Phasianidae,Galliformes,other,25.3687618009306,0.75524166675,0.11855025,1.139634166625,26
Phasianus versicolor,Phasianidae,Galliformes,other,25.756872250826,0.72,0.0809,0.89292,26
Phoebastria immutabilis,Diomedeidae,Procellariiformes,seabird,20.5418207269359,2.02,0.3215,3.054215,21
Phoebastria irrorata,Diomedeidae,Procellariiformes,seabird,19.0719879697426,2.2625,0.35275,2.92819,20
Phoebastria nigripes,Diomedeidae,Procellariiformes,seabird,19.7846671149211,2.265,0.3607,3.414205,20
Phoebetria palpebrata,Diomedeidae,Procellariiformes,seabird,19.6625350656342,2.18,0.338,2.96666666666667,20
Phoeniconaias minor,Phoenicopteridae,Phoenicopteriformes,other,22.4465218301115,1.27285,0.17843775,1.5378125,23
Phoenicopterus ruber,Phoenicopteridae,Phoenicopteriformes,other,22.834354151087,1.57342,0.26646,2.937357,23
Phoenicurus ochruros,Muscicapidae,Passeriformes,passerine,13.9118224553448,0.244484127,0.0121429366666667,0.01625,14
Phoenicurus phoenicurus,Muscicapidae,Passeriformes,passerine,14.1646025490463,0.2269,0.010457,0.014905,15
Phylloscopus collybita,Phylloscopidae,Passeriformes,passerine,13.7086762307619,0.177,0.00704666666666667,0.008305,14
Phylloscopus sibilatrix,Phylloscopidae,Passeriformes,passerine,12.8886517841753,0.2145,0.009079,0.0092,13
Phylloscopus trochilus,Phylloscopidae,Passeriformes,passerine,13.3438433896918,0.19258333325,0.0077175,0.008555,14
Pica pica,Corvidae,Passeriformes,passerine,17.7035307705563,0.54768214275,0.05985735725,0.2124275,18
Picus canus,Picidae,Piciformes,other,20.8354551635608,0.42275,0.0388675,0.137,21
Picus viridis,Picidae,Piciformes,other,20.6345229171961,0.4817083335,0.0504491665,0.176,21
Platalea ajaja,Threskiornithidae,Pelecaniformes,other,21.2149581028239,1.28,0.226,1.445,22
Platalea leucorodia,Threskiornithidae,Pelecaniformes,other,22.0946462638125,1.28,0.2378,1.7735,23
Plectrophenax nivalis,Calcariidae,Passeriformes,passerine,15.6778557841768,0.320675,0.01694,0.0400875,16
Plegadis chihi,Threskiornithidae,Pelecaniformes,other,20.1054874125005,0.923,0.126,0.566445,21
Plegadis falcinellus,Threskiornithidae,Pelecaniformes,other,21.5827729606458,0.89,0.0986,0.596305,22
Pluvialis apricaria,Charadriidae,Charadriiformes,other,20.5597206736784,0.56,0.05,0.202,21
Pluvialis fulva,Charadriidae,Charadriiformes,other,21.3019909425686,0.51,0.0317,0.16245,22
Pluvialis squatarola,Charadriidae,Charadriiformes,other,20.9617391986563,0.61,0.0485,0.23225,21
Podiceps cristatus,Podicipedidae,Podicipediformes,other,25.1310642921698,0.745333333333333,0.0710433333333333,0.756646666666667,26
Poecile palustris,Paridae,Passeriformes,passerine,14.1569802732695,0.18725,0.008494375,0.01102,15
Polemaetus bellicosus,Accipitridae,Accipitriformes,other,18.9994468446731,2.119,0.63981,3.94817,19
Polihierax semitorquatus,Falconidae,Falconiformes,other,19.1483988423926,0.3717,0.02045,0.0605,20
Porzana carolina,Rallidae,Gruiformes,other,20.2620814293229,0.36,0.0218,0.0749,21
Porzana porzana,Rallidae,Gruiformes,other,20.2628873805084,0.379333333333333,0.0250266666666667,0.0855833333333333,21
Procellaria aequinoctialis,Procellariidae,Procellariiformes,seabird,20.8544074274791,1.4,0.1637,1.2409,21
Procellaria cinerea,Procellariidae,Procellariiformes,seabird,22.6600452109343,1.19,0.1072,1.085,23
Procellaria westlandica,Procellariidae,Procellariiformes,seabird,20.4669021852235,1.4,0.1632,1.15675,21
Prunella modularis,Prunellidae,Passeriformes,passerine,15.7216558438222,0.2067333334,0.009205,0.01958,16
Pseudobulweria rostrata,Procellariidae,Procellariiformes,seabird,18.4711608136789,1.047,0.0938,0.41,19
Psittacus erithacus,Psittacidae,Psittaciformes,other,19.3153439587966,0.71,0.071,0.2665,20
Pterocles coronatus,Pteroclidae,Pterocliformes,other,23.2351905315991,0.57,0.0432,0.3,24
Pterocles orientalis,Pteroclidae,Pterocliformes,other,21.8383375525678,0.72,0.0721,0.407435,22
Pterodroma alba,Procellariidae,Procellariiformes,seabird,17.3173702470009,0.947,0.0803,0.273,18
Pterodroma brevipes,Procellariidae,Procellariiformes,seabird,16.5387373453108,0.713,0.0524,0.134025,17
Pterodroma cervicalis,Procellariidae,Procellariiformes,seabird,18.4772591641921,1.053,0.0998,0.428495,19
Pterodroma cookii,Procellariidae,Procellariiformes,seabird,18.4089241919312,0.73,0.0508,0.188455,19
Pterodroma deserta,Procellariidae,Procellariiformes,seabird,19.7720723988533,0.83,0.0603,0.3035,20
Pterodroma externa,Procellariidae,Procellariiformes,seabird,18.8946235748418,1.0335,0.0918,0.42675,19
Pterodroma heraldica,Procellariidae,Procellariiformes,seabird,18.5100792090952,0.934,0.0778,0.33,19
Pterodroma hypoleuca,Procellariidae,Procellariiformes,seabird,17.3783119976502,0.766,0.0551,0.174,18
Pterodroma inexpectata,Procellariidae,Procellariiformes,seabird,20.2491568093898,0.841,0.05875,0.32975,21
Pterodroma lessonii,Procellariidae,Procellariiformes,seabird,21.7468721725803,1.01,0.0815,0.642,22
Pterodroma leucoptera,Procellariidae,Procellariiformes,seabird,16.7948012591167,0.748,0.0559,0.153525,17
Pterodroma longirostris,Procellariidae,Procellariiformes,seabird,16.8458360657329,0.718,0.0529,0.143,17
Pterodroma mollis,Procellariidae,Procellariiformes,seabird,19.5754814020224,0.83,0.0603,0.294,20
Pterodroma neglecta,Procellariidae,Procellariiformes,seabird,18.8929182416472,1.01,0.0968,0.435,19
Pterodroma nigripennis,Procellariidae,Procellariiformes,seabird,17.0224718711118,0.756,0.0559,0.162325,18
Pterodroma phaeopygia,Procellariidae,Procellariiformes,seabird,19.5770163705823,0.97,0.0768,0.40441,20
Pterodroma pycrofti,Procellariidae,Procellariiformes,seabird,16.9085002540478,0.693,0.0495,0.1355,17
Pterodroma ultima,Procellariidae,Procellariiformes,seabird,18.6742579772242,0.962,0.0867,0.367,19
Ptilopsis leucotis,Strigidae,Strigiformes,other,18.7954037639394,0.6668,0.06769,0.21485,19
Ptychoramphus aleuticus,Alcidae,Charadriiformes,seabird,23.6335424095563,0.441,0.0262,0.187,24
Ptyonoprogne rupestris,Hirundinidae,Passeriformes,passerine,13.8213288365353,0.325,0.01145,0.02095,14
Puffinus assimilis,Procellariidae,Procellariiformes,seabird,21.8255020150186,0.6,0.0383,0.232,22
Puffinus huttoni,Procellariidae,Procellariiformes,seabird,22.2943798252859,0.74,0.0487,0.364,23
Puffinus lherminieri,Procellariidae,Procellariiformes,seabird,19.0227625553662,0.671,0.0461,0.18038,20
Puffinus nativitatis,Procellariidae,Procellariiformes,seabird,20.1111235366746,0.8255,0.0697,0.34675,21
Puffinus newelli,Procellariidae,Procellariiformes,seabird,20.9809218664686,0.8,0.0623,0.3644,21
Puffinus puffinus,Procellariidae,Procellariiformes,seabird,22.0671070542521,0.806666666666667,0.0586333333333333,0.429296666666667,23
Pygoscelis adeliae,Spheniscidae,Sphenisciformes,seabird,31.4850691319097,0.68,0.0288,4.323835,32
Pygoscelis antarcticus,Spheniscidae,Sphenisciformes,seabird,29.7390621244848,0.72,0.0312,3.97304,30
Pygoscelis papua,Spheniscidae,Sphenisciformes,seabird,30.6767370106091,0.88,0.0392,5.566475,31
Pyrrhula pyrrhula,Fringillidae,Passeriformes,passerine,14.7576084914486,0.26266666675,0.01394333325,0.0235425,15
Rallus aquaticus,Rallidae,Gruiformes,other,20.9403377364967,0.384083333,0.0309875,0.111085,21
Rallus longirostris,Rallidae,Gruiformes,other,22.5105442667819,0.525,0.054,0.278175,23
Regulus ignicapilla,Regulidae,Passeriformes,passerine,13.8363352418236,0.143,0.00468666666666667,0.00566666666666667,14
Regulus regulus,Regulidae,Passeriformes,passerine,13.3106706864396,0.152125,0.0052775,0.00546,14
Remiz pendulinus,Remizidae,Passeriformes,passerine,14.4838338215688,0.166,0.006395,0.0093,15
Riparia riparia,Hirundinidae,Passeriformes,passerine,13.0048807320589,0.2716,0.010327,0.0131475,14
Rissa brevirostris,Laridae,Charadriiformes,seabird,18.7478353563424,0.928702857,0.093757187,0.37314285715,19
Rissa tridactyla,Laridae,Charadriiformes,seabird,18.83404696588,0.973,0.0967,0.406995,19
Rynchops niger,Laridae,Charadriiformes,seabird,16.4624787352826,0.99,0.0888,0.263865,17
Sagittarius serpentarius,Sagittariidae,Accipitriformes,other,19.4096617889184,2.1204,0.55775,3.84705,20
Saxicola rubetra,Muscicapidae,Passeriformes,passerine,14.4831341099415,0.232962963,0.0102937036666667,0.0165,15
Scolopax rusticola,Scolopacidae,Charadriiformes,other,21.626273512619,0.64008333325,0.06213916675,0.316113333375,22
Seiurus aurocapilla,Parulidae,Passeriformes,passerine,14.786617274287,0.242,0.0111,0.019375,15
Serinus serinus,Fringillidae,Passeriformes,passerine,13.6894930417676,0.2136,0.00875533333333334,0.0111666666666667,14
Setophaga americana,Parulidae,Passeriformes,passerine,13.7206539252584,0.18,0.00685,0.00837,14
Setophaga caerulescens,Parulidae,Passeriformes,passerine,13.8084849381757,0.195,0.008,0.01007,14
Setophaga citrina,Parulidae,Passeriformes,passerine,13.6898878145816,0.206,0.0087,0.01077,14
Setophaga dominica,Parulidae,Passeriformes,passerine,13.2774034181363,0.206,0.0091,0.009845,14
Setophaga ruticilla,Parulidae,Passeriformes,passerine,13.0149575675589,0.195,0.00782,0.00797,14
Setophaga striata,Parulidae,Passeriformes,passerine,13.6322162964248,0.23,0.0091,0.01217,14
Setophaga tigrina,Parulidae,Passeriformes,passerine,13.6020746176184,0.208,0.0078,0.01002,14
Sitta europaea,Sittidae,Passeriformes,passerine,14.5929278581116,0.2514285715,0.0137914285,0.021485,15
Sittiparus varius,Paridae,Passeriformes,passerine,14.9580551582048,0.197,0.01072,0.0165,15
Somateria mollissima,Anatidae,Anseriformes,other,26.3848183833949,0.978666666666667,0.131,2.02679833333333,27
Somateria spectabilis,Anatidae,Anseriformes,other,26.3838328508998,0.93,0.108,1.644855,27
Spatula clypeata,Anatidae,Anseriformes,other,23.4641492309218,0.78,0.075,0.60528,24
Spatula discors,Anatidae,Anseriformes,other,23.2700255167912,0.64,0.049,0.36722,24
Spatula querquedula,Anatidae,Anseriformes,other,23.2999416046872,0.557,0.050925,0.3258,24
Sphyrapicus varius,Picidae,Piciformes,other,17.403262822984,0.39,0.0239,0.0503,18
Spinus spinus,Fringillidae,Passeriformes,passerine,14.5245531650209,0.20776,0.0077456,0.01289,15
Stephanoaetus coronatus,Accipitridae,Accipitriformes,other,20.8647882200269,1.52,0.54153,3.5075,21
Stercorarius longicaudus,Stercorariidae,Charadriiformes,seabird,17.0607471824395,0.985333333333333,0.0887333333333333,0.289283333333333,18
Stercorarius parasiticus,Stercorariidae,Charadriiformes,seabird,17.9625000274384,1.04933333333333,0.115,0.424488333333333,18
Stercorarius pomarinus,Stercorariidae,Charadriiformes,seabird,18.8647803598605,1.176,0.1533,0.673235,19
Sterna forsteri,Laridae,Charadriiformes,seabird,16.0292533626212,0.782,0.0589,0.145,17
Sterna hirundo,Laridae,Charadriiformes,seabird,15.8471557342982,0.769333333285714,0.0513647618571429,0.126860714285714,16
Sterna paradisaea,Laridae,Charadriiformes,seabird,14.9405461353763,0.7706,0.0523,0.1086,15
Sternula albifrons,Laridae,Charadriiformes,seabird,16.9745577523698,0.496666666666667,0.01938,0.0543333333333333,17
Streptopelia decaocto,Columbidae,Columbiformes,other,20.1420216672279,0.474675,0.04517225,0.14898,21
Streptopelia orientalis,Columbidae,Columbiformes,other,22.8822714451994,0.44,0.0326,0.18997,23
Streptopelia roseogrisea,Columbidae,Columbiformes,other,19.5543936125189,0.523,0.0471,0.1525,20
Streptopelia turtur,Columbidae,Columbiformes,other,19.3179166135423,0.52,0.04,0.132,20
Strix aluco,Strigidae,Strigiformes,other,18.1954639525099,0.923666666666667,0.224905555666667,0.69073,19
Strix uralensis,Strigidae,Strigiformes,other,18.4256833588856,1.03522222233333,0.264144444333333,0.765113333333333,19
Strix woodfordii,Strigidae,Strigiformes,other,18.5030068416686,0.7879,0.12031,0.3474,19
Sturnus vulgaris,Sturnidae,Passeriformes,passerine,17.061027727843,0.3841944445,0.0244435,0.0798291666666667,18
Sula dactylatra,Sulidae,Suliformes,seabird,20.8899041542006,1.6015,0.2174,1.77854,21
Sula leucogaster,Sulidae,Suliformes,seabird,20.0029488249208,1.50166666666667,0.1935,1.28741,21
Sula nebouxii,Sulidae,Suliformes,seabird,20.1747889299258,1.555,0.2126,1.474045,21
Sula sula,Sulidae,Suliformes,seabird,18.7894720719344,1.49866666666667,0.205966666666667,1.07305,19
Sylvia atricapilla,Sylviidae,Passeriformes,passerine,14.9333649896096,0.2253,0.00993358325,0.017775,15
Sylvia borin,Sylviidae,Passeriformes,passerine,14.9309929598715,0.229166666666667,0.00996222233333333,0.018,15
Synoicus chinensis,Phasianidae,Galliformes,other,22.7771403750786,0.24,0.0081,0.048705,23
Synthliboramphus antiquus,Alcidae,Charadriiformes,seabird,24.5834176127527,0.446,0.0244,0.21636,25
Synthliboramphus craveri,Alcidae,Charadriiformes,seabird,24.1502637715199,0.412,0.0189,0.1615,25
Synthliboramphus hypoleucus,Alcidae,Charadriiformes,seabird,24.4537086353316,0.421,0.0207,0.1835,25
Tachycineta bicolor,Hirundinidae,Passeriformes,passerine,13.518651296242,0.319,0.0135,0.020625,14
Tachymarptis melba,Apodidae,Caprimulgiformes,other,18.3872711470592,0.5235,0.02937125,0.094175,19
Terathopius ecaudatus,Accipitridae,Accipitriformes,other,19.4892157086073,1.8619,0.35303,2.29585,20
Tetrao urogallus,Phasianidae,Galliformes,other,25.663478092224,1.16,0.1785,2.708305,26
Thalassarche bulleri,Diomedeidae,Procellariiformes,seabird,20.8631975735161,2.05,0.2538,2.896755,21
Thalassarche chrysostoma,Diomedeidae,Procellariiformes,seabird,20.7453440663841,2.144,0.32538,3.554015,21
Thalassarche melanophris,Diomedeidae,Procellariiformes,seabird,20.41328487561,2.152,0.33884,3.42957,21
Thalasseus maximus,Laridae,Charadriiformes,seabird,17.785382568733,1.15,0.108,0.442655,18
Thalasseus sandvicensis,Laridae,Charadriiformes,seabird,15.9846494704926,0.963,0.06975,0.203915,16
Thalassoica antarctica,Procellariidae,Procellariiformes,seabird,21.7222848287617,1.035,0.0963,0.720715,22
Torgos tracheliotos,Accipitridae,Accipitriformes,other,17.4592062504521,2.64,1.03,6.7845,18
Toxostoma rufum,Mimidae,Passeriformes,passerine,17.2261783655166,0.326,0.0217,0.0669,18
Trigonoceps occipitalis,Accipitridae,Accipitriformes,other,18.0587167769113,2.19625,0.64698,3.4255,19
Tringa glareola,Scolopacidae,Charadriiformes,other,19.3847074615812,0.392,0.0192166666666667,0.064525,20
Tringa nebularia,Scolopacidae,Charadriiformes,other,20.4881009543064,0.583875,0.04015625,0.183375,21
Tringa ochropus,Scolopacidae,Charadriiformes,other,18.39176221529,0.45,0.0289,0.0792,19
Tringa semipalmata,Scolopacidae,Charadriiformes,other,19.0546929932736,0.7,0.0632,0.22785,20
Troglodytes troglodytes,Troglodytidae,Passeriformes,passerine,15.2457636692384,0.148407407666667,0.00516814833333333,0.00953333333333333,16
Turdus iliacus,Turdidae,Passeriformes,passerine,16.3863049328932,0.361,0.0225,0.06175,17
Turdus merula,Turdidae,Passeriformes,passerine,17.7036096896742,0.381357142833333,0.0299972618333333,0.102648333333333,18
Turdus migratorius,Turdidae,Passeriformes,passerine,16.2806450697134,0.39,0.028,0.07325,17
Turdus philomelos,Turdidae,Passeriformes,passerine,16.9316036346028,0.35388,0.0225264,0.06861,17
Turdus pilaris,Turdidae,Passeriformes,passerine,17.3906689822826,0.41275,0.031503625,0.10484375,18
Turdus torquatus,Turdidae,Passeriformes,passerine,17.0419339223193,0.439333333333333,0.033,0.106333333333333,18
Turdus viscivorus,Turdidae,Passeriformes,passerine,17.352614253073,0.455,0.03455,0.120935,18
Tyto alba,Tytonidae,Strigiformes,other,17.6044076073807,0.9504,0.1348841665,0.3910225,18
Tyto capensis,Tytonidae,Strigiformes,other,16.5705374043852,1.03825,0.15201,0.38932,17
Upupa epops,Upupidae,Bucerotiformes,other,16.4207080878732,0.43858333325,0.0416708335,0.06644,17
Uria aalge,Alcidae,Charadriiformes,seabird,27.4654761682139,0.714333333333333,0.0542666666666667,0.980465,28
Uria lomvia,Alcidae,Charadriiformes,seabird,27.2754237056556,0.727,0.056,0.976495,28
Urile pelagicus,Phalacrocoracidae,Suliformes,seabird,25.0043767374611,0.954,0.145,1.601475,26
Urile penicillatus,Phalacrocoracidae,Suliformes,seabird,24.6595381739036,1.083,0.1865,2.04662,25
Vanellus spinosus,Charadriidae,Charadriiformes,other,16.977476874687,0.7,0.07,0.168975,17
Vanellus vanellus,Charadriidae,Charadriiformes,other,17.8588586497369,0.74,0.0782,0.222935,18
Vireo olivaceus,Vireonidae,Passeriformes,passerine,14.3777500670484,0.243,0.0103,0.01678,15
Vultur gryphus,Cathartidae,Cathartiformes,other,17.7143145808397,2.53,0.933,11.21805,18
Zapornia parva,Rallidae,Gruiformes,other,20.9401010510953,0.2825,0.012895,0.0497,21
Zapornia paykullii,Rallidae,Gruiformes,other,20.5467878662384,0.4,0.028496,0.103,21
Zenaida macroura,Columbidae,Columbiformes,other,20.6157795166286,0.432,0.0314,0.118965,21
